{
  "EDMONTON, AB": [
    53.5462055,
    -113.491241
  ],
  "NANTON, AB": [
    50.3481989,
    -113.770256
  ],
  "PORT WENTWORTH, GA": [
    32.149092,
    -81.1631681
  ],
  "CALGARY, AB": [
    51.0456064,
    -114.057541
  ],
  "BELLEVILLE, ON": [
    44.1633264,
    -77.3852556
  ],
  "ELIZABETHPORT, NJ": [
    40.6501031,
    -74.1870888
  ],
  "CRANBROOK, BC": [
    49.5107477,
    -115.7672772
  ],
  "ETOBICOKE, ON": [
    43.6435559,
    -79.5656326
  ],
  "ORONO, ON": [
    43.975028,
    -78.616447
  ],
  "SARNIA, ON": [
    42.9743821,
    -82.403533
  ],
  "GLOUCESTER, ON": [
    45.3546314,
    -75.6017664
  ],
  "CONCORD, ON": [
    43.8003622,
    -79.4993876
  ],
  "NAPANEE, ON": [
    44.2473883,
    -76.9505543
  ],
  "LONDON, ON": [
    42.9836747,
    -81.2496068
  ],
  "HANNA, AB": [
    51.6445566,
    -111.927479
  ],
  "BRANTFORD, ON": [
    43.1408157,
    -80.2631733
  ],
  "HAMILTON, ON": [
    43.2560802,
    -79.8728583
  ],
  "PICKERING, ON": [
    43.835765,
    -79.090576
  ],
  "WYOMING, ON": [
    42.949297,
    -82.1187333
  ],
  "MONCTON, NB": [
    46.0985679,
    -64.8004265
  ],
  "KAMLOOPS, BC": [
    50.6758269,
    -120.339415
  ],
  "NISKU, AB": [
    53.333333,
    -113.533333
  ],
  "COQUITLAM, BC": [
    49.2842958,
    -122.793281
  ],
  "FORT NELSON, BC": [
    58.8048351,
    -122.7014595
  ],
  "PRINCE GEORGE, BC": [
    53.9128645,
    -122.7453699
  ],
  "HINTON, AB": [
    53.3990512,
    -117.5886772
  ],
  "LETHBRIDGE, AB": [
    49.6945782,
    -112.8331033
  ],
  "RED DEER, AB": [
    52.2690628,
    -113.8141464
  ],
  "WHITECOURT, AB": [
    54.1424574,
    -115.6846504
  ],
  "EDSON, AB": [
    53.5858662,
    -116.442847
  ],
  "EVERGREEN, AL": [
    31.4334994,
    -86.9569176
  ],
  "FORT ERIE, ON": [
    42.91308,
    -78.918611
  ],
  "KINGSTON, ON": [
    44.230687,
    -76.481323
  ],
  "SUDBURY, ON": [
    46.49272,
    -80.991211
  ],
  "SHERWOOD PARK, AB": [
    53.5256963,
    -113.296631
  ],
  "SASKATOON, SK": [
    52.131802,
    -106.660767
  ],
  "HEADINGLEY, MB": [
    49.868087,
    -97.391052
  ],
  "WINNIPEG, MB": [
    49.8955367,
    -97.1384584
  ],
  "AIRDRIE, AB": [
    51.28597,
    -114.01062
  ],
  "TILBURY, ON": [
    42.2593155,
    -82.4322682
  ],
  "CHILLIWACK, BC": [
    49.1709788,
    -121.95255
  ],
  "ABBOTSFORD, BC": [
    49.0521162,
    -122.329479
  ],
  "GRANDE PRAIRIE, AB": [
    55.17108,
    -118.7949873
  ],
  "DAWSON CREEK, BC": [
    55.7605306,
    -120.2364453
  ],
  "MISSISSAUGA, ON": [
    43.5884727,
    -79.643658
  ],
  "NEW WESTMINSTER, BC": [
    49.2067726,
    -122.9108818
  ],
  "YORKTON, SK": [
    51.212045,
    -102.461243
  ],
  "PORTAGE LA PRAIRIE, MB": [
    49.972422,
    -98.289185
  ],
  "REGINA, SK": [
    50.4479733,
    -104.6158764
  ],
  "LLOYDMINSTER, AB": [
    53.279995,
    -110.00885
  ],
  "CRESTON, BC": [
    49.0974046,
    -116.5130934
  ],
  "MOOSE JAW, SK": [
    50.3967209,
    -105.535666
  ],
  "KAPUSKASING, ON": [
    49.416667,
    -82.433333
  ],
  "DELTA, BC": [
    49.0846258,
    -123.057938
  ],
  "BROOKS, AB": [
    50.571027,
    -111.893005
  ],
  "SAINT-LIBOIRE, QC": [
    45.6524925,
    -72.7601431
  ],
  "FORT MCMURRAY, AB": [
    56.7291997,
    -111.3885221
  ],
  "VALLEYVIEW, AB": [
    55.066667,
    -117.283333
  ],
  "BRANDON, MB": [
    49.8511143,
    -99.9608924
  ],
  "KITCHENER, ON": [
    43.451291,
    -80.4927815
  ],
  "BRAMPTON, ON": [
    43.685832,
    -79.7599366
  ],
  "DRYDEN, ON": [
    49.785698,
    -92.835846
  ],
  "DUGALD, MB": [
    49.8857175,
    -96.8428231
  ],
  "FORT SASKATCHEWAN, AB": [
    53.7128571,
    -113.214894
  ],
  "QUESNEL, BC": [
    52.9794279,
    -122.493627
  ],
  "FORT ST JOHN, BC": [
    56.2527571,
    -120.8472064
  ],
  "MILTON, ON": [
    43.513671,
    -79.882817
  ],
  "BURLINGTON, ON": [
    43.3248924,
    -79.7966835
  ],
  "HORNBY, ON": [
    43.5685294,
    -79.841421
  ],
  "WINDSOR, ON": [
    42.3167397,
    -83.0373389
  ],
  "AYR, ON": [
    43.2855122,
    -80.4507012
  ],
  "WHITEHORSE, YT": [
    60.721571,
    -135.054932
  ],
  "LANCASTER, ON": [
    45.1412662,
    -74.4999495
  ],
  "DARTMOUTH, NS": [
    44.6799707,
    -63.5720232
  ],
  "KITWANGA, BC": [
    55.100373,
    -128.067627
  ],
  "COCHRANE, ON": [
    49.066668,
    -81.017303
  ],
  "HOPE, BC": [
    49.3799779,
    -121.4415851
  ],
  "DAVIDSON, SK": [
    51.2647972,
    -105.984596
  ],
  "MEDICINE HAT, AB": [
    50.04303,
    -110.679016
  ],
  "WATSON LAKE, YT": [
    60.0624306,
    -128.7068037
  ],
  "SAULT STE MARIE, ON": [
    46.5126554,
    -84.3330301
  ],
  "BALGONIE, SK": [
    50.4892758,
    -104.2669058
  ],
  "STE AGATHE, MB": [
    49.5668153,
    -97.182039
  ],
  "INGLEWOOD, ON": [
    43.7964281,
    -79.9334822
  ],
  "JAFFRAY, BC": [
    49.3710945,
    -115.3010387
  ],
  "HENRICO, VA": [
    37.6294756,
    -77.5189032
  ],
  "OLDCASTLE, ON": [
    42.2263255,
    -82.9580049
  ],
  "COOKSTOWN, ON": [
    44.1897548,
    -79.7017017
  ],
  "UNIVERSITY PARK, IL": [
    41.4400344,
    -87.683377
  ]
}